39	70	Cale de l'Arche d'Otomaï	arche-d'otomai.html
15	100	Tanière du Meulou	taniere-du-meulou.html
66	100	Potager d'Halouine	potager-d'halouine.html
72	100	Théâtre de Dramak	theatre-de-dramak.html
77	100	Fabrique de Malléfisk	fabrique-mallefisk.html
92	100	Arbre de Moon	arbre-de-moon.html
115	100	Repaire du Kharnozor	repaire-du-kharnozor.html
3	110	Bibliothèque du Maître Corbac	bibliotheque-du-maitre-corbac.html
37	110	Caverne de Nowel	caverne-de-nowel.html
41	110	Goulet du Rasboul	goulet-du-rasboul.html
42	110	Garde-manger du Rat Blanc	garde-manger-du-rat-blanc.html
43	110	Sousouricière du Rat Noir	sousouriciere-du-rat-noir.html
93	110	Miausolée du Pounicheur	miausolee-du-pounicheur.html
125	110	Bambusaie de Damadrya	bambusaie-de-damadrya.html
46	120	Repaire de Skeunk	repaire-de-skeunk.html
49	120	Antre du Blop Multicolore Royal	antre-du-blop-multicolore-royal.html
50	120	Tofulailler Royal	tofulailler-royal.html
54	120	Serre du Royalmouth	serre-du-royalmouth.html
80	130	Volière de la Haute Truche	voliere-de-la-haute-truche.html
81	130	Ring du Capitaine Ekarlatte	ring-du-capitaine-ekarlatte.html
101	130	Caverne d'El Piko	caverne-d-el-piko.html
112	130	Croquanterie	croquanterie.html
123	130	Vallée de la Dame des eaux	vallee-de-la-dame-des-eaux.html
126	130	Atelier du Tanukouï San	atelier-du-tanukoui-san.html
10	140	Clairière du Chêne Mou	clairiere-du-chene-mou.html
55	140	Excavation du Mansot Royal	excavation-du-mansot-royal.html
122	140	Dojo du Vent	dojo-du-vent.html
124	140	Fabrique de foux d'artifice	fabrique-de-foux-d-artifice.html
44	150	Repaire de Sphincter Cell	donjon-des-rats-du-chateau-d'amakna.html
56	150	Épave du Grolandais violent	epave-du-grolandais-violent.html
79	150	Galerie du Phossile	galerie-du-phossile.html
139	150	Tertre du long sommeil	tertre-du-long-sommeil.html
28	160	Canopée du Kimbo	canopee-du-kimbo.html
53	160	Salle du Minotot	minotot.html
57	160	Hypogée de l'Obsidiantre	hypogee-de-l'obsidiantre.html
75	160	Grotte de Kanigroula	grotte-de-kanigroula.html
94	160	Plateau de Ush	plateau-de-ush.html
132	160	Tombe du Shogun Tofugawa	tombe-du-shogun-tofugawa.html
58	170	Tanière Givrefoux	taniere-givrefoux.html
86	170	Horologium de XLII	horologium-de-xlii.html
102	170	Boyau du Père Ver	boyau-du-pere-ver.html
131	170	Demeure des Esprits	demeure-des-esprits.html
163	170	Poste de contrôle du Supervizœuf	poste-de-controle-du-supervizoeuf.html
22	180	Temple du Grand Ougah	temple-du-grand-ougah.html
31	180	Antre du Kralamoure Géant	antre-du-kralamoure-geant.html
38	180	Maison du Papa Nowel	maison-du-papa-nowel.html
82	180	Cave du Toxoliath	cave-du-toxoliath.html
96	186	Temple Maudit d'Araknas	NONE
61	190	Antichambre des Gloursons	antichambre-des-gloursons.html
62	190	Donjon de la mine de Sakaï	donjon-de-la-mine-de-sakai.html
74	190	Pyramide d'Ombre	pyramide-d'ombre.html
104	190	Camp du Comte Razof	camp-du-comte-razof.html
141	190	Bastion des Marteaux-Aigris	bastion-des-marteaux-aigris.html
68	200	Salons privés de Klime	salons-prives-de-klime.html
73	200	Aquadôme de Merkator	aquadome-de-merkator.html
83	200	Trône de la Cour Sombre	trone-de-la-cour-sombre.html
84	200	Ventre de la Baleine	ventre-de-la-baleine.html
87	200	Œil de Vortex	oeil-de-vortex.html
95	200	Défi du Chalœil	NONE
97	200	Vaisseau du Capitaine Meno	vaisseau-du-capitaine-meno.html
98	200	Temple de Koutoulou	temple-de-koutoulou.html
99	200	Palais de Dantinéa	palais-de-dantinea.html
103	200	Chambre de Tal Kasha	chambre-de-tal-kasha.html
106	200	Manoir des Katrepat	manoir-des-katrepat.html
107	200	Belvédère d'Ilyzaelle	belvedere-d-ilyzaelle.html
108	200	Tour de Bethel	tour-de-bethel.html
109	200	Tour de Solar	tour-de-solar.html
111	200	Temple du dieu Kao	temple-du-dieu-kao.html
114	200	Sanctuaire de Torkélonia	sanctuaire-de-torkelonia.html
117	200	Arbre de Mort	arbre-de-mort.html
118	200	Fers de la Tyrannie	fers-de-la-tyrannie.html
119	200	Sentence de la Balance	sentence-de-la-balance.html
120	200	Trône de Sang	trone-de-sang.html
121	200	Tempête de l'Eliocalypse	tempete-de-l-eliocalypse.html
133	200	Mémoire d'Orukam	memoire-d-orukam.html
134	200	Souvenir d'Imagiro	souvenir-d-imagiro.html
135	200	Rituel de Kabahal	rituel-de-kabahal.html
164	200	Breuil du Vénérable	breuil-du-venerable.html
165	200	Autel de la Déchireuse	autel-de-la-dechireuse.html
